{
  "backend": "onnxruntime",
  "backend_extra": {
    "providers": [
      "CPUExecutionProvider"
    ],
    "device": "auto"
  },
  "model_path": "artifacts/model.onnx",
  "mode": "e2e",
  "device": "auto",
  "precision": "fp16",
  "batch_size": 1,
  "warmup": 50,
  "iters": 500,
  "latency_ms": {
    "p50": 0.04387501394376159,
    "p90": 0.049754075007513165,
    "p95": 0.06785772857256228,
    "p99": 0.11985718272626386,
    "mean": 0.047450410202145576,
    "min": 0.04291604273021221,
    "max": 0.19183295080438256
  },
  "fps": 21074.63340653655,
  "dropped_frames": 0,
  "queue_depth": 0,
  "stage_latency_ms": {
    "preprocess": {
      "p50": 0.014791963621973991,
      "p90": 0.015249999705702066,
      "p95": 0.0164211553055793,
      "p99": 0.03240566584281617,
      "mean": 0.015541241504251957,
      "min": 0.014457968063652515,
      "max": 0.07274997187778354
    },
    "infer": {
      "p50": 0.028041016776114702,
      "p90": 0.03354198997840285,
      "p95": 0.04208929894957657,
      "p99": 0.07754090242087834,
      "mean": 0.0307829228695482,
      "min": 0.027332978788763285,
      "max": 0.13112503802403808
    },
    "postprocess": {
      "p50": 0.00100000761449337,
      "p90": 0.0011249794624745846,
      "p95": 0.0012919801520183682,
      "p99": 0.004463577643036838,
      "mean": 0.001126245828345418,
      "min": 0.0009169452823698521,
      "max": 0.0118750031106174
    }
  }
}