{
  "backend": "onnxruntime",
  "providers": [
    "CPUExecutionProvider"
  ],
  "batch_size": 1,
  "warmup": 20,
  "iters": 200,
  "latency_ms": {
    "p50": 0.04162502591498196,
    "p90": 0.06040436564944684,
    "p95": 0.07501222135033457,
    "p99": 0.11123381671495722,
    "mean": 0.04136184463277459,
    "min": 0.02504198346287012,
    "max": 0.1283749588765204
  }
}