{
  "backend": "onnxruntime",
  "mode": "e2e",
  "providers": [
    "CPUExecutionProvider"
  ],
  "batch_size": 1,
  "warmup": 50,
  "iters": 500,
  "latency_ms": {
    "p50": 0.04245800664648414,
    "p90": 0.06911215023137629,
    "p95": 0.08108750625979136,
    "p99": 0.1762360095744952,
    "mean": 0.05026727565564215,
    "min": 0.041457999031990767,
    "max": 0.20954199135303497
  }
}