{
  "backend": "onnxruntime",
  "mode": "e2e",
  "providers": [
    "CPUExecutionProvider"
  ],
  "batch_size": 1,
  "warmup": 50,
  "iters": 500,
  "latency_ms": {
    "p50": 0.04237500252202153,
    "p90": 0.05512090865522626,
    "p95": 0.06429404020309448,
    "p99": 0.10748301574494676,
    "mean": 0.04645100329071283,
    "min": 0.04150002496317029,
    "max": 0.16137503553181887
  }
}