{
  "backend": "onnxruntime",
  "mode": "e2e",
  "providers": [
    "CPUExecutionProvider"
  ],
  "batch_size": 1,
  "warmup": 50,
  "iters": 500,
  "latency_ms": {
    "p50": 0.042625004425644875,
    "p90": 0.06274995976127684,
    "p95": 0.0687663239659741,
    "p99": 0.12307923927437503,
    "mean": 0.04874769505113363,
    "min": 0.041457999031990767,
    "max": 0.272250035777688
  }
}